{"cameraMode":{"drawMode":0,"name":"Shaded","section":"Shading Mode"},"sceneLighting":true,"audioPlay":false,"sceneViewState":{"showFog":true,"showMaterialUpdate":true,"showSkybox":true,"showFlares":true,"showImageEffects":true,"showParticleSystems":true},"in2DMode":false,"pivot":{"x":-0.1702180802822113,"y":0.2775895595550537,"z":2.005387306213379},"rotation":{"x":-0.11085985600948334,"y":-0.8559213876724243,"z":0.20565946400165559,"w":-0.4613707661628723},"size":6.045371055603027,"orthographic":false}